bin,P_default
b0,0.13931017546984517
b1,0.08615664736304283
b2,0.06520743508378056
b3,0.04975730531068147
b4,0.03325701456691952
